Top queries,Clicks,Impressions,CTR,Position
dandy's world calculator,34,54,62.96%,1.52
dandy's world build,2,4,50%,6.25
dandy's world stats base,1,13,7.69%,9.23
dandy's world stats,0,138,0%,8.62
dandy world stats,0,41,0%,8.29
stats dandy's world,0,28,0%,9.43
dandy's world character stats,0,25,0%,8.2
dandy world stats base,0,24,0%,7.62
dandys world stats,0,24,0%,16.08
dandy world stat,0,23,0%,7.35
dandy's world astro stats,0,21,0%,10
boxten stats,0,19,0%,8.42
eclipse dandy's world stats,0,16,0%,9.25
stat dandy world,0,14,0%,8.21
dandy's world stat,0,13,0%,9.15
eclipse dandy world stats,0,12,0%,8.5
dandy's world base stats,0,11,0%,8.91
dandy's world empty stats,0,10,0%,7.8
dandys world stats base,0,10,0%,11
dandy's world player stats,0,9,0%,7.33
cocoa dandy world stats,0,9,0%,7.67
dandy's world brightney stats,0,9,0%,10.89
stats in dandy's world,0,8,0%,9.25
finn stats dandy's world,0,8,0%,9.88
dandy's world tools,0,7,0%,7
dandy's world vee stats,0,7,0%,10.29
dandys world toon stats base,0,6,0%,8
dandy's world boxten stats,0,6,0%,9.17
dandy's world finn stats,0,6,0%,9.83
dandy world vee stats,0,6,0%,11
stats dandys world,0,6,0%,15
stats from dandy's world,0,5,0%,7.8
dandys world star stats,0,5,0%,8.6
toon stats base,0,5,0%,8.6
dandys world stars stats,0,5,0%,9
shrimpo dandy's world stats,0,5,0%,9
stats of dandy's world,0,5,0%,9
dandys world stats astro,0,5,0%,9.6
dandys world stats heart,0,5,0%,10.2
eclipse stats dandy's world,0,5,0%,10.4
shrimpo stats dandy's world,0,5,0%,10.8
toon stats dandy's world,0,5,0%,24.4
dandys world stats maker,0,5,0%,57.6
cocoa dandy's world stats,0,4,0%,8
dandys world stat,0,4,0%,8
eclipse stats dandy world,0,4,0%,8.5
astro stats dandy world,0,4,0%,9.25
gourdy dandy's world stats,0,4,0%,10.75
dandy world astro stats,0,4,0%,11
dandys world brightney stats,0,4,0%,11.75
dandy stats,0,4,0%,12.75
oc maker dandys world stats,0,4,0%,66.5
dandy's world stats maker,0,4,0%,69.25
dandys world tools,0,3,0%,6.33
dandys world stat base,0,3,0%,7.67
empty stats dandy's world,0,3,0%,8.33
boxten dandy's world stats,0,3,0%,8.67
dandys world flyte stats,0,3,0%,8.67
astro dandy world stats,0,3,0%,9.33
gigi dandy's world stats,0,3,0%,9.67
finn dandy's world stats,0,3,0%,10
eggson dandys world stats,0,3,0%,16
stats in dandys world,0,3,0%,18.33
dandys world player stats,0,2,0%,5.5
twisted gourdy stats,0,2,0%,5.5
dandy's world eclipse stats,0,2,0%,8.5
boxten dandys world stats,0,2,0%,9
cocoa stats dandy's world,0,2,0%,9
dandy's world pebble stats,0,2,0%,9
dandy's world gigi stats,0,2,0%,9.5
coal stats dandy's world,0,2,0%,10
cosmo dandy's world stats,0,2,0%,10
stats dandy world,0,2,0%,10
stats dandys world maker,0,2,0%,10
goob dandy's world stats,0,2,0%,10.5
brightney dw stats,0,2,0%,11
cocoas stats dandys world,0,2,0%,11
dandys world character stats,0,2,0%,11.5
poppy dandy's world stats,0,2,0%,18.5
glisten dandy's world stats,0,2,0%,20.5
bobbette stats dandys world,0,2,0%,23
dandys world stats chart,0,2,0%,34.5
dandy's world stats chart,0,2,0%,37.5
dandy's world stats generator,0,2,0%,51.5
dw stats,0,2,0%,68
dandy world stats maker,0,1,0%,1
builda dandy world,0,1,0%,5
ribecca dandys world stats,0,1,0%,5
sprout dandy's world stats,0,1,0%,6
stats de gourdy,0,1,0%,6
dandys world stats empty,0,1,0%,7
gourdy stats dandy's world,0,1,0%,7
twisto,0,1,0%,7
astro dandys world stats,0,1,0%,8
dandy's world,0,1,0%,8
dandy's world cocoa stats,0,1,0%,8
dandy's world flutter stats,0,1,0%,8
dandy's world flyte stats,0,1,0%,8
empty stats dandys world,0,1,0%,8
finn dandys world stats,0,1,0%,8
flyte dandy's world stats,0,1,0%,8
flyte dandys world stats,0,1,0%,8
dandys world eclipse stats,0,1,0%,9
dandys world stealth chart,0,1,0%,9
astro stats dandy's world,0,1,0%,10
coal dandy's world stats,0,1,0%,10
dandy world shelly stats,0,1,0%,10
dandy's world cosmo stats,0,1,0%,10
dandys world stats hf,0,1,0%,10
finn dw stats,0,1,0%,10
ginger dandy's world stats,0,1,0%,10
gourdy stat,0,1,0%,10
vee dandy world stats,0,1,0%,10
bobette stats,0,1,0%,11
dandy's world sprout stats,0,1,0%,11
dandys world cocoa stats,0,1,0%,11
soulvester dandys world stats,0,1,0%,11
sprout/cosmo,0,1,0%,11
brightney dandy's world stats,0,1,0%,12
dandy's world brusha stats,0,1,0%,12
vee's stats dandy's world,0,1,0%,12
dandy's world oc maker stats,0,1,0%,16
dandy world stars,0,1,0%,19
dandys world characters stats,0,1,0%,20
ginger dandy world stats,0,1,0%,21
toons dandy's world stats,0,1,0%,21
dandys world base stats,0,1,0%,22
dandys world stats star,0,1,0%,24
dandy's world stats template star,0,1,0%,26
treadmill machine dandy's world,0,1,0%,27
gourdy build,0,1,0%,35
eggsons stats,0,1,0%,38
dandys world stat maker,0,1,0%,40
dandy's world stats template,0,1,0%,46
dandy's world toon stats,0,1,0%,49
dandys world stats template,0,1,0%,58
dandy's world toon stats template,0,1,0%,59
dandys world stats template maker,0,1,0%,63
dandys world stats generator,0,1,0%,73